Product ID,Category,Product Name,Specifications,Bin Location,Datasheet URL,Image URL,Original Source,seo_description,technical_specifications
A2D-1001,Microcontrollers & IoT,MSP EXP 432 P401,Dev Kit,RL6,https://www.ti.com/lit/ds/slas826e/slas826e.pdf,https://www.floridamemory.com/FMP/wpa_county_histories/medium/wpa_county_history_okaloosa_01_01.jpg,,,
A2D-1002,Microcontrollers & IoT,CC31XXEMUBOOST,Rev 3,-,https://www.ti.com/lit/pdf/swrb034,https://www.ti.com/content/dam/ticom/images/products/ic/wireless-connectivity/evm-board/cc31xxemuboost-angled.png,,,
A2D-1003,Microcontrollers & IoT,CC3100 BOOST,-,-,https://www.ti.com/lit/pdf/swru371,https://www.ti.com/content/dam/ticom/images/products/ic/wireless-connectivity/evm-board/cc3100boost-angled.png,,,
A2D-1004,Microcontrollers & IoT,EM 40065,REV 4.0,-,https://docs.penndot.pa.gov/Public/Bureaus/BOCM/BOCM_MTD_LAB/Publications/Pub_35/Current_Edition/Bulletin15.pdf,https://i.ebayimg.com/images/g/LeEAAOSwQL9gqxKW/s-l1200.jpg,,"Discover prequalified materials for Department construction projects with Bulletin 15 (Publication 35). Access searchable database or PDF, view supplier codes and product details, and learn about approval processes.","{
  ""Manufacturer"": ""N/A"",
  ""Voltage"": ""N/A"",
  ""Package"": ""N/A"",
  ""Key Features"": [
    ""Prequalified materials for Department construction projects"",
    ""Searchable database and PDF formats"",
    ""Supplier codes, product names/types/uses""
  ],
  ""Applications"": [
    ""Construction projects""
  ]
}"
A2D-1005,Microcontrollers & IoT,CC3200 MOD,LAUNCHXL (Rev 4),-,https://www.ti.com/lit/ds/symlink/cc3200mod.pdf,https://www.ti.com/content/dam/ticom/images/products/package/m/mob0063a.png:large,,,
A2D-1006,Microcontrollers & IoT,Arduino Nano,Nano Cable with Panduit,-,https://www.bluetooth.com/wp-content/uploads/Files/Specification/Assigned_Numbers.pdf,https://store.arduino.cc/cdn/shop/files/ABX00143_04.box_934x700.jpg?v=1752653288,,,
A2D-1007,Microcontrollers & IoT,Arduino Uno,Logic Level / M45+,-,Not Found,"https://m.media-amazon.com/images/S/aplus-media-library-service-media/6d39760b-6505-4190-95b3-cdb9c8c877f3.__CR956,0,1200,900_PT0_SX600_V1___.jpg",,,
A2D-1008,Microcontrollers & IoT,ESP-32 WROOM,Amit VCC / WROOM-32 / Espire,RB12,https://hmd-wp.go-vip.net/wp-content/uploads/2024/04/Franchise-Disclosure-Document-2024-US-Home2.pdf,https://cdn-shop.adafruit.com/970x728/3269-04.jpg,,,
A2D-1009,Microcontrollers & IoT,ESP8266,Mod (AI-Thinker) / Mini Node MCU,-,https://handsontec.com/dataspecs/module/esp8266-V13.pdf,https://cdn-shop.adafruit.com/970x728/3046-07.jpg,,,
A2D-1010,Microcontrollers & IoT,NRF24L01,Module / Wireless Data Transmission,RB12,https://cwd-dsec.de/fileadmin/content/comot/cwd-dsec/Infoseite/CWD_2025_Conference_Proceedings.pdf,https://www.alstembio.com/web/images/products/NRL01-img1.jpg,,NOT_AVAILABLE,"{
  ""Manufacturer"": ""N/A"",
  ""Voltage"": ""N/A"",
  ""Package"": ""N/A"",
  ""Key Features"": [],
  ""Applications"": []
}"
A2D-1011,Microcontrollers & IoT,STM Lora + Sigfox,Discovery Kit for STM32L072 MCU,-,https://www.st.com/resource/en/product_presentation/fp-atr-lora1_quick_start_guide.pdf,https://cdn-shop.adafruit.com/970x728/3613-01.jpg,,"Discover the A2D-1011, a high-performance electronics component ideal for various applications. Perfect for engineers and professionals needing reliable solutions.","{
  ""Manufacturer"": ""N/A"",
  ""Voltage"": ""N/A"",
  ""Package"": ""N/A"",
  ""Key Features"": [],
  ""Applications"": []
}"
A2D-1012,Microcontrollers & IoT,STM32WL,Wireless Long Range Ultra Micro Power,-,https://www.st.com/resource/en/application_note/an5568-ultralowpower-features-of-stm32wl5xex-microcontrollers-stmicroelectronics.pdf,https://www.st.com/content/dam/category-pages/stm32wl-series/stm32-stm32wl-series-portfolio.jpg,,"Discover the A2D-1012, a high-performance electronics component ideal for various applications. Perfect for engineers and professionals needing reliable solutions.","{
  ""Manufacturer"": ""N/A"",
  ""Voltage"": ""N/A"",
  ""Package"": ""N/A"",
  ""Key Features"": [],
  ""Applications"": []
}"
A2D-1013,Microcontrollers & IoT,STM32L476,Nucleo-64 / MCU High Performance,-,https://www.st.com/resource/en/user_manual/um1724-stm32-nucleo64-boards-mb1136-stmicroelectronics.pdf,https://i.ebayimg.com/images/g/pcEAAOSwm2lmnecI/s-l1200.jpg,,,
A2D-1014,Microcontrollers & IoT,MSP-EXP430G2,TI Launch Pads,BB20,https://www.ti.com/lit/pdf/slau318,https://img.fruugo.com/product/0/45/1845359450_max.jpg,,,
A2D-1015,Microcontrollers & IoT,STM8L / STM8S,Dev Kit Ultra Low Power 8-bit / Mainstream 8-bit,-,https://www.st.com/resource/en/brochure/brstm8.pdf,https://www.st.com/content/ccc/fragment/product_related/subclass_information/subclass_level_diagram/ab/19/7a/fb/8f/89/4c/33/STM8_SC1244.jpg/files/STM8_SC1244.jpg/jcr:content/translations/en.STM8_SC1244.jpg,,,
A2D-1016,Microcontrollers & IoT,XNUCLEO-53L1A1,Expansion Board,-,https://www.st.com/resource/en/data_brief/x-nucleo-53l1a1.pdf,https://www.st.com/bin/ecommerce/api/image.PF265555.en.feature-description-include-personalized-no-cpn-large.jpg,,,
A2D-1017,Microcontrollers & IoT,STM32F446,Nucleo-64 High Performance MCU,-,https://www.st.com/resource/en/user_manual/um1724-stm32-nucleo64-boards-mb1136-stmicroelectronics.pdf,https://www.st.com/content/dam/category-pages/stm32-32-bit-arm-cortex-mcus/stm32armcortexmcu-responsive-portfolio02.jpg,,,
A2D-1018,Microcontrollers & IoT,STM32F401,Nucleo-64,-,https://www.st.com/resource/en/user_manual/um1724-stm32-nucleo64-boards-mb1136-stmicroelectronics.pdf,https://www.st.com/content/dam/category-pages/stm32-32-bit-arm-cortex-mcus/stm32armcortexmcu-responsive-portfolio02.jpg,,,
A2D-1019,Microcontrollers & IoT,STM32F411,Dev Kit High Perf,-,https://www.st.com/resource/en/user_manual/um1472-discovery-kit-with-stm32f407vg-mcu-stmicroelectronics.pdf,https://www.st.com/content/dam/category-pages/stm32-32-bit-arm-cortex-mcus/stm32armcortexmcu-responsive-portfolio02.jpg,,,
A2D-1020,Sensors & Modules,Analog TDS Sensor,Meter for Uno,RL6 (18),https://mm.digikey.com/Volume0/opasdata/d220001/medias/docus/2309/SEN0244_Web.pdf,https://www.codasensor.com/wp-content/uploads/2024/11/CDT-1T4B-TDS-Sensor.webp,,,
A2D-1021,Sensors & Modules,PT100,Sensor (3 meter),-,https://assets.fishersci.com/TFS-Assets/LED/Specification-Sheets/D21346~.pdf,https://cdn-shop.adafruit.com/970x728/3328-06.jpg,,,
A2D-1022,Sensors & Modules,EM-18,RFID Reader / Serial + TTL,RB10,https://www.rhydolabz.com/documents/micro_RFID_reader_datasheet.pdf,https://m.media-amazon.com/images/I/81a6WDMDP4L.jpg,,,
A2D-1023,Sensors & Modules,RFID Reader/Writer,13.56MHz USB,-,https://files.identiv.com/products/smart-card-readers/contactless/3700/uTrust_3700_F_Contactless_Smart_Card_Reader.pdf,https://assets.omron.com/m/00c5f1e452fd0113/Square_M-V780_UHF_Product_Image-jpg.jpg,,,
A2D-1024,Sensors & Modules,LDR Sensor,-,RB7 (8),https://components101.com/sites/default/files/component_datasheet/LDR%20Datasheet.pdf,http://www.truspeed.co.uk/cdn/shop/products/71_grande.jpg?v=1474823915,,,
A2D-1025,Sensors & Modules,Sound Sensors,-,RB7 (18),https://resource.milesight.com/milesight/iot/document/ws302-datasheet-en.pdf,https://cdn2.webdamdb.com/md_oFtXUczy87k9.png?1536081064,,,
A2D-1026,Sensors & Modules,Hall Effect Sensors,-,RB7 (6),https://www.ti.com/lit/gpn/DRV5023,https://accucdn.accuenergy.com/wp-content/uploads/hak-quarter-left.jpg,,,
A2D-1027,Sensors & Modules,W1209,Temperature Controller / Sensor,-,https://www.kelco.rs/katalog/images/17670.pdf,"https://m.media-amazon.com/images/I/71XlsvCFCdL._AC_UF894,1000_QL80_.jpg",,,
A2D-1028,Sensors & Modules,LM393,-,-5,https://www.onsemi.com/download/data-sheet/pdf/lm393-d.pdf,https://www.ti.com/ds_dgm/images/fbd_slcs005ah.svg,,,
A2D-1029,Sensors & Modules,LM2596,-,-,https://www.ti.com/lit/ds/symlink/lm2596.pdf,"https://m.media-amazon.com/images/I/71HfxNInzjL._AC_UF1000,1000_QL80_.jpg",,,
A2D-1030,Sensors & Modules,MCP 2515 CAN,-,-,https://ww1.microchip.com/downloads/en/DeviceDoc/MCP2515-Stand-Alone-CAN-Controller-with-SPI-20001801J.pdf,https://m.media-amazon.com/images/I/61CvGeoPxfL.jpg,,,
A2D-1031,Sensors & Modules,Fingerprint Sensor,R307 / 62,RB9 (18/16),https://www.e3s-conferences.org/articles/e3sconf/pdf/2024/37/e3sconf_icftest2024_01037.pdf,https://www.j-display.com/images/product/fpsensor/img_01_sp.webp,,,
A2D-1032,Sensors & Modules,ULN2003,-,RB14 (20),https://www.st.com/resource/en/datasheet/uln2001.pdf,"https://m.media-amazon.com/images/I/71pasrY8IzL._AC_UF1000,1000_QL80_.jpg",,,
A2D-1033,Sensors & Modules,TEC1-12715,Peltier Module,RB14,https://peltiermodules.com/peltier.datasheet/TEC1-12715.pdf,"https://m.media-amazon.com/images/I/41vb0KsvJGL._AC_UF1000,1000_QL80_.jpg",,,
A2D-1034,Sensors & Modules,MAX7219,Dot Matrix Single Module / 8x8,-4,https://www.handsontec.com/dataspecs/module/MAX7219-4-In-1.pdf,https://cdn-shop.adafruit.com/970x728/453-01.jpg,,,
A2D-1035,Sensors & Modules,Digital Particle,585022 Module Concentration / PM2.5 Air Quality,-,Not Found,https://images.ctfassets.net/ity165ek7v1z/3pImQqVaVrEtcjypeD7eGP/4c1c60efc70e638e889ee313fb16246a/Meet_Particle_Ledger__the_digital_representation_of_your_product_cropped_.jpg?w=900&h=684&fl=progressive&q=80&fm=jpg,,,
A2D-1036,Sensors & Modules,MQ7,Gas Sensor,-,https://www.sparkfun.com/datasheets/Sensors/Biometric/MQ-7.pdf,https://m.media-amazon.com/images/I/61YTVhc8JpL.jpg,,,
A2D-1037,Sensors & Modules,US-100,Ultrasonic,-,https://media.digikey.com/pdf/Data%20Sheets/Adafruit%20PDFs/4019_Web.pdf,https://dupont.scene7.com/is/image/Dupont/styrofoam-brand-highload-100-product-logo-image1,,,
A2D-1038,Drones & RC,Mini Camera (FPV),HD Colour 700TVL,RB11,https://www.str-subsea.com/wp-content/uploads/2025/03/STR_SeaSpectrum-Miniature-Tooling-Camera-Datasheet-V2_181123_165932_2023-01-25-133021_agge.pdf,"https://m.media-amazon.com/images/I/71SgOiTmgcL._AC_UF894,1000_QL80_.jpg",,,
A2D-1039,Drones & RC,Foxeer Razer Micro,FPV Camera,-,https://www.flyingtech.co.uk/wp-content/uploads/2024/02/Holybro_Kopis-CineWhoopAnalog_VTx_version_Manual.pdf,https://m.media-amazon.com/images/I/51qayM5ADgL.jpg,,,
A2D-1040,Drones & RC,JPEG Camera,TTL,-,https://cdn-learn.adafruit.com/downloads/pdf/ttl-serial-camera.pdf,https://cdn-shop.adafruit.com/970x728/1386-04.jpg,,,
A2D-1041,Drones & RC,APM 2.8,Flight Controller,-,https://images-eu.ssl-images-amazon.com/images/I/B1RQzOVDE1S.pdf,"https://m.media-amazon.com/images/I/717XqNfYb2L._AC_UF894,1000_QL80_.jpg",,,
A2D-1042,Drones & RC,GPS M8N,-,-,https://content.u-blox.com/sites/default/files/NEO-M8-FW3_DataSheet_UBX-15031086.pdf,"https://m.media-amazon.com/images/I/51Syjm96XkL._AC_UF894,1000_QL80_.jpg",,,
A2D-1043,Drones & RC,Pix Hawk,Flight Controller,-,https://cdn.sparkfun.com/assets/d/d/9/9/3/Pixhawk4-DataSheet.pdf,https://www.beekshop.com/cdn/shop/files/hawk-black-beek-womens-boot-1.jpg?v=1754964282&width=1500,,,
A2D-1044,Drones & RC,Telemetry,-,-,https://www.infineon.com/dgdl/Infineon-IRPS5401M-DataSheet-v02_06-EN.pdf?fileId=5546d4625cc9456a015cd69d402139db,https://res.cloudinary.com/dohtidfqh/image/upload/v1566607079/web-guiguio/1_sjURvFZYqvDDyJzJytK3MQ.png,,,
A2D-1045,Drones & RC,Johnston Motor,300RPM,RB13,https://5.imimg.com/data5/UP/ZL/ZZ/SELLER-9353586/johnson-high-torque-dc-geared-motor-300rpm-with-driver-grade-a.pdf,"https://m.media-amazon.com/images/I/61LBxtjHNHL._AC_UF1000,1000_QL80_.jpg",,,
A2D-1046,Drones & RC,Motor Speed Controller,DC 12V,RB13,https://www.ti.com/lit/gpn/DRV8840,https://m.media-amazon.com/images/I/71wvYRlRUjL.jpg,,,
A2D-1047,Cooling Fans,Delta PFC1212DE (120x120x38,DC 12V,F43,https://www.mouser.com/datasheet/2/632/Delta_PWM-1003558.pdf,https://www.delta-fan.com/pub/media/catalog/product/cache/3fba745dcec88e97bfe808bedc471260/p/f/pfc120x38mm_1_1.jpg,,,
A2D-1048,Cooling Fans,3.90A / 4.80A),DC 12V,F43,https://www.tempelgroup.com/catalogos/energia/catalogo_panasonic_baterias_vrla.pdf,https://www.delta-fan.com/pub/media/catalog/product/cache/3fba745dcec88e97bfe808bedc471260/q/f/qfr0912_92x25.4mm.png,,,
A2D-1049,Cooling Fans,ADDA AD1224UB-A72GL (DC Brushless),DC 12V,F43,http://www.addausa.com/specifications/92-120.pdf,https://m.media-amazon.com/images/I/51gYa4JRrVL.jpg,,,
A2D-1050,Cooling Fans,Nidec (2.75A / 3.3A),DC 12V,F43,https://igbt.by/wp-content/uploads/2025/06/Catalogue_2025_datasheet_ventiljatory_fans_Minsk_Belarus.pdf,https://s.alicdn.com/@sc04/kf/Hb995d4043e584a48b7b2e41e09bf5911K/NIDEC-VA450DC-V34809-90-DC12V-3.3A-120-120-38MM-12CM-4500RPM-Original-Brand-new-4-pin-PWM-Large-air-Volume-Cooling-Fan.jpg_300x300.jpg,,,
A2D-1051,Cooling Fans,Delta DC12V 2.75A / 3.3A,DC 12V,F45,https://rondonia.ro.gov.br/wp-content/uploads/2022/08/C.-COM-SEI.pdf,https://www.delta-fan.com/pub/media/catalog/product/cache/3fba745dcec88e97bfe808bedc471260/p/f/pfb0812-80x38px.jpg,,,
A2D-1052,Cooling Fans,035633-34,DC 12V,F45,Not Found,Not Found,,,
A2D-1053,Cooling Fans,AFC 1512DG (DC 12V 1.8A),DC 12V,F46,Not Found,https://00.img.avito.st/image/1/1.kLPPFraAPFq5uP5V40Tc-rm3Pl59oThafcZdXn11M5h0tThAubj-VXk.1Wu5Z-jj1oi-EAOPDJeck90ilz4uBR2rgS5CZkKRbp4?cqp=2.31EmCLg6ik3oatt1ttbFq_ajuGsz9wCshVqsaNgtLVVqtiwIcdxsWidTBGP4W2gjZpwuVqcdzwQCR5DnUbaoBbU1,,,
A2D-1054,Cooling Fans,Delta (1.60A / 1.80A),DC 12V,F46,https://www.newark.com/pdfs/31-60febcurrent.pdf,https://www.delta-fan.com/pub/media/catalog/product/cache/3fba745dcec88e97bfe808bedc471260/g/f/gfc0812.jpg,,,
A2D-1055,Cooling Fans,ADDA AD1224UB-A72GL (0.25A),DC 24V,F43,https://igbt.by/wp-content/uploads/2025/06/Catalogue_2025_datasheet_ventiljatory_fans_Minsk_Belarus.pdf,https://m.media-amazon.com/images/I/51gYa4JRrVL.jpg,,,
A2D-1056,Cooling Fans,CND DC24B7RS (0.2A),DC 24V,F43,Not Found,Not Found,,,
A2D-1057,Cooling Fans,Delta (0.30A),DC 24V,F43,https://deltapsu.com/jp/products/download/Datasheet/DRC-24V10W1AZ,"https://m.media-amazon.com/images/I/515UVrL+DDL._AC_UF1000,1000_QL80_.jpg",,,
A2D-1058,Cooling Fans,Servo (0.2A 4.8W),DC 24V,F43,https://mdlsoln.com/wp-content/uploads/catalogues/VKN_Brochure_Final_2022.pdf,https://i.ebayimg.com/00/s/MTYwMFgxNTgx/z/3QkAAOSwV5RmseNR/$_57.JPG,,,
A2D-1059,Cooling Fans,"All Mix (4"")",DC 12V,F48,https://www.allen-heath.com/content/uploads/2024/06/CQ-18T-Tech-Datasheet_Iss3.pdf,https://productschool.com/_next/image?url=https%3A%2F%2Fimages.ctfassets.net%2F6nwv0fapso8r%2F11MhXLStsL3lNaJDizUyN6%2F13c507b4ff011beb673b3d4ce88de92a%2F4-components-of-product-mix.png&w=2048&q=85,,,
A2D-1060,Cooling Fans,San Ace (DC 12V),DC 12V,F48,https://www.farnell.com/datasheets/2003018.pdf,https://products.sanyodenki.com/media/product%20images/sanace/9HV3612P3K001.png,,,
A2D-1061,Cooling Fans,Sunon (DC 12V 2.1A),DC 12V,F48,https://arcarc.xmission.com/Tech/Jameco%20Catalog%20V232%20(May%202003).pdf,https://i.ebayimg.com/images/g/P20AAOSwgNZnJIOe/s-l1200.jpg,,,
A2D-1062,Cooling Fans,Delta Thin/Mix (120x120x20,DC 12V,F44,https://mideacaucasus.com/storage/W6YxoxLvp19z3z9XlHoFhZOR9AGac6-metaUERfTWlkZWFfVjZfVlJGXzUwXzYwSHpfMjAyMTA2MTFfVjE5LnBkZg==-.pdf,https://s.alicdn.com/@sc04/kf/H9683d07d758741bcb88f64faacb053e8w/120x120x25-Supplier-Waterproof-Fans-12025-24v-Brushless-Dc-Cooling-Fan-120mm-12v.jpg_300x300.jpg,,,
A2D-1063,Cooling Fans,0.20A),DC 12V,F44,https://us.idec.com/idec-us/en/USD/medias/PS5RV-Datasheet.pdf?context=bWFzdGVyfGRvY3VtZW50c3wxNDU4MTQzfGFwcGxpY2F0aW9uL3BkZnxkb2N1bWVudHMvaGM4L2gzNC84OTMyMjk2NTU2NTc0LnBkZnxhNmYzZjZhMDJhMmY3NzZkNzUwZDlkMzBlN2NjNzdjYTJmODAzMTNhOWQzYTRjMzVhNzYxMWRiY2FmMDdhZWJh,"https://m.media-amazon.com/images/I/51EcX4W8TZL._AC_UF1000,1000_QL80_.jpg",,,
A2D-1064,Cooling Fans,EFS DC 12V 0.83A,DC 12V,F44,https://search.abb.com/library/Download.aspx?DocumentID=9AKK108467A5848&LanguageCode=en&DocumentPartId&Action=Launch,https://img.lazcdn.com/g/p/d62c0cc3009eaa7a9cb2e51aee95bb18.jpg_720x720q80.jpg,,,
A2D-1065,Cooling Fans,EAA 1524SHG (DC 24V 2.1A),DC 12V,F44,Not Found,Not Found,,,
A2D-1066,Cooling Fans,San Ace 172 (12V 2.3A),DC 12V,F44,https://kentec.co.uk/wp-content/uploads/2018/08/man-1200.pdf,https://s.alicdn.com/@sc04/kf/H2923f8c5821d4a69858e50b384e508a6l.jpg,,,
A2D-1067,Cooling Fans,Servo D1278E48 (DC 48V 0.56A),DC 48V,F39,Not Found,Not Found,,,
A2D-1068,Cooling Fans,Delta (DC 48V 0.20A / 2.52A),DC 48V,F39,https://tiristor.by/wp-content/uploads/ventilyator_Minsk_datasheet_catalogue_2020_last.pdf,https://lookaside.fbsbx.com/lookaside/crawler/media/?media_id=10161490309175988,,,
A2D-1069,Cooling Fans,NMB FFC 1348CE (1.08A),DC 48V,F39,Not Found,Not Found,,,
A2D-1070,Cooling Fans,4715KL-07W (0.87A),DC 48V,F39,https://tiristor.by/wp-content/uploads/ventiljator_220_115_230_VAC_12_24_48_5_VDC_datasheet_Minsk_tel_80447584780_catalog-.pdf,https://i.ebayimg.com/images/g/2j8AAOSwfP9nJ5Pe/s-l1200.png,,,
A2D-1071,Cooling Fans,Nidec Ultra F T12E54 (1.77A),DC 48V,F39,Not Found,Not Found,,,
A2D-1072,Cooling Fans,"Jigo (6"" AC 220V)",AC 220V,F34,https://www.fairpowerage.com/upload_file/catelogue_pdf/121_small_Jigo_Catalogue_www.fairpowerage.com.pdf,https://cdn11.bigcommerce.com/s-o0ql33eyfo/images/stencil/1280x1280/products/156366/1300147/jigo_iec947-5-1_en60947-5-1_led_panel_light_ac_220v_20_ma-155274_1___27181.1746616232.jpg?c=1,,,
A2D-1073,Cooling Fans,Rexnord REC-22060 (0.40A),AC 220V,F34,https://www.rexnordindia.com/Catalogue.pdf,"https://m.media-amazon.com/images/I/61NltGZISDL._AC_UF1000,1000_QL80_.jpg",,,
A2D-1074,Cooling Fans,Nidec S.J.A,AC 220V,F34,https://www.wnewbury.org/sites/g/files/vyhlif1436/f/uploads/02_06_2025_supplemental_os_packet_-_phase_1_final_30_percent_pdr_2024-12-06.pdf,https://www.sheffield-pottery.com/cdn/shop/files/white-SJA-2.jpg?v=1697052918,,,
A2D-1075,Cooling Fans,"Jigo (6"")",AC 220V,F30,https://www.fairpowerage.com/upload_file/catelogue_pdf/121_small_Jigo_Catalogue_www.fairpowerage.com.pdf,https://5.imimg.com/data5/SELLER/Default/2024/8/447164689/WN/NV/MA/94123434/digital-timer-500x500.jpeg,,,
A2D-1076,Cooling Fans,Rexnord REC 27245A200,AC 220V,F30,Not Found,Not Found,,,
A2D-1077,Cooling Fans,Comair Rotron (AC 115V Square),AC 220V,F30,https://www.comairrotron.com/ComairRotron-2024.pdf,https://integrityelectricdirect.com/wp-content/uploads/2017/01/IMG_0186-scaled.jpg,,,
A2D-1078,Cooling Fans,"San Ace 172 (4""",DC 24V / 48V,F31,https://docs.rs-online.com/8bf9/0900766b814d9e58.pdf,https://products.sanyodenki.com/media/product%20images/sanace/109E4712L401.png,,,
A2D-1079,Cooling Fans,DC 24V 2.3A),DC 24V / 48V,F31,https://www.meanwell.com/Upload/PDF/FUL_EN_s.pdf,https://m.media-amazon.com/images/I/61paNNgl2gL.jpg,,,
A2D-1080,Cooling Fans,109E5712V5,DC 24V / 48V,F31,https://www.indiamart.com/proddetail/ebmpapst-614-nghh-cooling-fans-23714471912.html,https://5.imimg.com/data5/SELLER/Default/2024/2/389259569/AR/YZ/QX/114051455/san-ace-172-model-109e5712v5y03-fan-500x500.jpeg,,,
A2D-1081,Cooling Fans,EFR 1548UHG (DC 48V 0.83A),DC 24V / 48V,F31,Not Found,Not Found,,,
A2D-1082,Cooling Fans,Papst 6424/137,DC 24V / 48V,F31,Not Found,Not Found,,,
A2D-1083,Cooling Fans,EBM Papst (27V DC,DC Mix,F33,https://www.ebmpapst.com/content/dam/ebm-papst/media/catalogs/products/Catalog_Compactfans_US_en.pdf,https://www.galco.com/media/catalog/product/cache/fc23bd13b6bae631aaff5bf5aa384235/8/2/8218jn-ebm-papst-inc.jpg,,,
A2D-1084,Cooling Fans,48V 30W),DC Mix,F33,https://www.ti.com/lit/gpn/PTB48560B,"https://m.media-amazon.com/images/I/51W+eKGC74L._AC_UF894,1000_QL80_.jpg",,,
A2D-1085,Cooling Fans,San Ace (1.4A),DC Mix,F33,https://publish.sanyodenki.com/library/books/product_information_E/book/data/product_information_E.pdf,https://i.ebayimg.com/images/g/sZ0AAOSwU8Rm8TxE/s-l1200.jpg,,,
A2D-1086,Cooling Fans,"Delta (4"" 3.3A)",DC 48V,F16,https://deltapsu.com/en/products/download/Datasheet/PMR-48V150W1AT,https://i.ebayimg.com/images/g/8ZAAAOSw8rFnPZuR/s-l1200.jpg,,,
A2D-1087,Cooling Fans,"Papst (4"")",DC Mix,F17/F18,https://ebmpapst.dk/wp-content/uploads/2018/10/Kompaktventilatorer_AC-axial-fans_2016-01_EN-1.pdf,"https://m.media-amazon.com/images/I/71WavDoARSL._AC_UF1000,1000_QL80_.jpg",,,
A2D-1088,Cooling Fans,Nidec (0.59A / 1.3A / 1.40A),DC Mix,F17/F18,https://picclick.ca/Business-Industrial/Electrical-Equipment-Supplies/Electronic-Components-Semiconductors/Thermal-Management/Electronic-Component-Fans/,https://www.picclickimg.com/7fUAAeSwSJ9pQvr4/1pcs-850200A501024S076-Encoder.webp,,,
A2D-1089,Cooling Fans,IMP (48V 0.83A / 2.10A),DC Mix,F17/F18,https://www.delta-fan.com/,https://www.delta-fan.com/pub/media/catalog/product/cache/c2db4cc1a4d9b08c9df58bc94331d07f/b/f/bfb0505ma-c.jpg,,,
A2D-1090,Cooling Fans,Sunon (60x60x38,Small Fans,F22,https://www.sunon.com/eu/MANAGE/Docs/WEBCONT/Files/1236/SUNON%20DC%20Brushless%20Fan%20&%20Blower(255-E).pdf,https://product-images.eetgroup.com/images/200px_jpg/Img_34034910.jpg,,,
A2D-1091,Cooling Fans,0.67A),Small Fans,F22,https://www.meanwell.com/Upload/PDF/Short_Form_din.pdf,"https://m.media-amazon.com/images/I/51JHsXFdMNL._AC_UF894,1000_QL80_.jpg",,,
A2D-1092,Cooling Fans,Delta (60x60x38),Small Fans,F22,https://www.delta-fan.com/Upload/IP/Delta_IP.pdf,https://i.ebayimg.com/images/g/iT4AAOSwF6xmCrjQ/s-l1200.jpg,,,
A2D-1093,Cooling Fans,AVC (70x70x20 2.75A),Small Fans,F22,https://igbt.by/wp-content/uploads/2025/06/Catalogue_2025_datasheet_ventiljatory_fans_Minsk_Belarus.pdf,https://www.delta-fan.com/pub/media/catalog/product/cache/c2db4cc1a4d9b08c9df58bc94331d07f/b/f/bfb0505ma-c.jpg,,,
A2D-1094,Cooling Fans,Nidec (90x90x38),90x90 Fans,F10/F11,https://tiristor.by/wp-content/uploads/ventiljator_220_115_230_VAC_12_24_48_5_VDC_datasheet_Minsk_tel_80447584780_catalog-.pdf,https://i.ebayimg.com/images/g/RTMAAOSw0yJn2Ozo/s-l400.jpg,,,
A2D-1095,Cooling Fans,Harish (90x90x38),90x90 Fans,F10/F11,Not Found,Not Found,,,
A2D-1096,Cooling Fans,Delta P09038 (12V 1A),90x90 Fans,F10/F11,Not Found,x-raw-image:///86716f6c66d7641e685e69e02d910007038e647e4b2d2251ea64118764e71b6a,,,
A2D-1097,Cooling Fans,Sunon (DC 12V 0.26A),90x90 Fans,F10/F11,https://tiristor.by/wp-content/uploads/ventiljator_220_115_230_VAC_12_24_48_5_VDC_datasheet_Minsk_tel_80447584780_catalog-.pdf,https://www.coolerguys.com/cdn/shop/products/EL_800x.png?v=1571232686,,,
A2D-1098,General - Cables,5A/15A CPU Cables,"5A/15A CPU Cables, CPU to Monitor (Thick), Mobile Charger Cables, VGA Cables, Data Cables","Bin 52, 55 ",https://assets.tripplite.com/product-pdfs/en/p034010.pdf,https://media.startech.com/cms/products/gallery_large/pxt101.main.jpg,,,
A2D-1099,General - Cables,CPU to Monitor (Thick),"5A/15A CPU Cables, CPU to Monitor (Thick), Mobile Charger Cables, VGA Cables, Data Cables","Bin 52, 55 ",https://h20195.www2.hp.com/v2/GetDocument.aspx?docname=c08174111,https://m.media-amazon.com/images/I/81dr15aerZL.jpg,,,
A2D-1100,General - Cables,Mobile Charger Cables,"5A/15A CPU Cables, CPU to Monitor (Thick), Mobile Charger Cables, VGA Cables, Data Cables","Bin 52, 55 ",https://assets.tripplite.com/product-pdfs/en/u040006c.pdf,https://cdn11.bigcommerce.com/s-niex9u58ma/images/stencil/1280x1280/products/385/1578/DAT-LM2022_ecomm_car_accs_07__81146.1753139141.jpg?c=1,,,
A2D-1101,General - Cables,VGA Cables,"5A/15A CPU Cables, CPU to Monitor (Thick), Mobile Charger Cables, VGA Cables, Data Cables","Bin 52, 55 ",https://www.hattelandtechnology.com/hubfs/pdf/ind_ds/ds_cables_and_connectors_specfications.pdf,"https://m.media-amazon.com/images/I/61saGSE9mhL._AC_UF894,1000_QL80_.jpg",,,
A2D-1102,General - Cables,Data Cables,"5A/15A CPU Cables, CPU to Monitor (Thick), Mobile Charger Cables, VGA Cables, Data Cables","Bin 52, 55 ",https://www.ftdichip.com/Support/Documents/DataSheets/Cables/DS_TTL-232R_CABLES.pdf,https://cdn-shop.adafruit.com/970x728/4696-03.jpg,,,
A2D-1103,General - Adapters,12V Adapters,"12V Adapters, Laptop Adapter Cables, DC Plugs","Bin 64, 52 ",https://www.farnell.com/datasheets/2720924.pdf,"https://m.media-amazon.com/images/I/618r8A-6kEL._AC_UF1000,1000_QL80_.jpg",,,
A2D-1104,General - Adapters,Laptop Adapter Cables,"12V Adapters, Laptop Adapter Cables, DC Plugs","Bin 64, 52 ",https://www.opentext.com/assets/documents/en-US/pdf/opentext-ds-tableau-forensic-adapters-and-accessories-en.pdf,"https://m.media-amazon.com/images/I/71s45iCt5gL._AC_UF894,1000_QL80_.jpg",,,
A2D-1105,General - Adapters,DC Plugs,"12V Adapters, Laptop Adapter Cables, DC Plugs","Bin 64, 52 ",https://dl.ubnt.com/datasheets/poe/PoE_Adapters_DS.pdf,"https://m.media-amazon.com/images/I/71ngZUEwhAL._AC_UF1000,1000_QL80_.jpg",,,
A2D-1106,General - Tools,Crimping Tools,"Crimping Tools, Cable Cutters, Screw Drivers (Jagdish)",Bin 37 64646464,https://www.farnell.com/datasheets/2995409.pdf,https://www.te.com/content/dam/te-com/catalog/part/000/045/730/45730-t1.jpg/jcr:content/renditions/product-high-res.png,,,
A2D-1107,General - Tools,Cable Cutters,"Crimping Tools, Cable Cutters, Screw Drivers (Jagdish)",Bin 37 64646464,https://data.kleintools.com/sites/all/product_assets/documents/brochures/klein/96496_RatchetingCableCutters.pdf,"https://m.media-amazon.com/images/I/512qJBQlpOL._AC_UF894,1000_QL80_.jpg",,,
A2D-1108,General - Tools,Screw Drivers (Jagdish),"Crimping Tools, Cable Cutters, Screw Drivers (Jagdish)",Bin 37 64646464,https://www.cementexusa.com/wp-content/uploads/2024/09/Cementex_ProductCutSheet_TorqueTools.pdf,https://clarkehandtools.com/wp-content/uploads/2023/08/SCREWDRIVERS-PHILLIPS-FIBRE-HANDLE-01.jpg,,,
A2D-1109,General - Components,Berg Sticks,"Berg Sticks, Terminal Blocks, Can Capacitors, Relays (Philips Capacitor), Chokes","Bin 43, 21, 22 ",https://www.el-o-matic.com/documents/configuration-data-sheet-product-configuration-code-en-us-6537862.pdf,https://europeandeli.com/cdn/shop/files/09152.jpg?v=1757371427&width=1080,,,
A2D-1110,General - Components,Terminal Blocks,"Berg Sticks, Terminal Blocks, Can Capacitors, Relays (Philips Capacitor), Chokes","Bin 43, 21, 22 ",https://literature.rockwellautomation.com/idc/groups/literature/documents/td/1492-td015_-en-p.pdf,"https://m.media-amazon.com/images/I/410x1k4y+EL._AC_UF894,1000_QL80_.jpg",,,
A2D-1111,General - Components,Can Capacitors,"Berg Sticks, Terminal Blocks, Can Capacitors, Relays (Philips Capacitor), Chokes","Bin 43, 21, 22 ",https://product.tdk.com/system/files/dam/doc/product/capacitor/aluminum-electrolytic/screw-terminal/catalog/al_can_large_b43564_b43584.pdf,https://i.ebayimg.com/images/g/5K8AAOSwsXFjJ2u-/s-l1200.jpg,,,
A2D-1112,General - Components,Relays (Philips Capacitor),"Berg Sticks, Terminal Blocks, Can Capacitors, Relays (Philips Capacitor), Chokes","Bin 43, 21, 22 ",https://datasheet.octopart.com/136-10313-Hella-datasheet-42666579.pdf,https://www.classicindustries.com/images/productimages/b/b11158.jpg,,,
A2D-1113,General - Components,Chokes,"Berg Sticks, Terminal Blocks, Can Capacitors, Relays (Philips Capacitor), Chokes","Bin 43, 21, 22 ",https://www.bourns.com/docs/product-datasheets/70f.pdf,https://i.ebayimg.com/images/g/p-EAAOSwjL5ZL~yB/s-l1200.jpg,,,
A2D-1114,General - Displays,Dual Monitor Stand,"Dual Monitor Stand, Display with Remote","Bin 65, 26 ",https://assets.tripplite.com/product-pdfs/en/dmr1015.pdf,https://m.media-amazon.com/images/I/61k5r-0x2xL._AC_SL1500_.jpg,,,
A2D-1115,General - Displays,Display with Remote,"Dual Monitor Stand, Display with Remote","Bin 65, 26 ",https://www.barco.com/content/dam/barco-dam/downloads/TDE12592-Technical-Specifications-Display-Management.pdf,https://m.media-amazon.com/images/I/71XyYf4ZlDL._AC_SL1500_.jpg,,,
A2D-1116,General - Power,0-30V Power Supply,"0-30V Power Supply, SMPS Fridge Guards, 60V Fire Alarm Sets","Bin 66, 44 ",https://www.circuitspecialists.com/content/18659/csi3005x5-manual.pdf,https://m.media-amazon.com/images/I/71XyYf4ZlDL._AC_SL1500_.jpg,,,
A2D-1117,General - Power,SMPS Fridge Guards,"0-30V Power Supply, SMPS Fridge Guards, 60V Fire Alarm Sets","Bin 66, 44 ",https://5.imimg.com/data5/SELLER/Doc/2021/4/MI/SN/MV/117366373/fridge-guard.pdf,https://www.surgeenergy.ca/wp-content/uploads/2019/12/Surge_Energy_Inc._Logo.png,,,
A2D-1118,General - Power,60V Fire Alarm Sets,"0-30V Power Supply, SMPS Fridge Guards, 60V Fire Alarm Sets","Bin 66, 44 ",https://www.honeywellbuildings.in/assets/files/fire/datasheets/Fire-Alarm-Control-Panel.pdf,"https://m.media-amazon.com/images/I/618r8A-6kEL._AC_UF1000,1000_QL80_.jpg",,,
A2D-1119,General - Motors,Stepper Big NEMA 23,"Stepper Big NEMA 23, NEMA 17 Stepper, Medical Motors","Bin 23, 40 ",https://www.omc-stepperonline.com/download/23HS45-4204S.pdf,"https://m.media-amazon.com/images/I/618r8A-6kEL._AC_UF1000,1000_QL80_.jpg",,,
A2D-1120,General - Motors,NEMA 17 Stepper,"Stepper Big NEMA 23, NEMA 17 Stepper, Medical Motors","Bin 23, 40 ",https://www.omc-stepperonline.com/download/17HS19-2004S1.pdf,"https://m.media-amazon.com/images/I/618r8A-6kEL._AC_UF1000,1000_QL80_.jpg",,,
A2D-1121,General - Motors,Medical Motors,"Stepper Big NEMA 23, NEMA 17 Stepper, Medical Motors","Bin 23, 40 ",https://www.maxongroup.com/medias/sys_master/root/8840546942998/Medical-Technology-Brochure-2020-EN.pdf,"https://m.media-amazon.com/images/I/618r8A-6kEL._AC_UF1000,1000_QL80_.jpg",,,
